<?xml version="1.0" encoding="UTF-8"?>

<mule xmlns:db="http://www.mulesoft.org/schema/mule/db" xmlns:json="http://www.mulesoft.org/schema/mule/json" xmlns:http="http://www.mulesoft.org/schema/mule/http" xmlns:tracking="http://www.mulesoft.org/schema/mule/ee/tracking" xmlns="http://www.mulesoft.org/schema/mule/core" xmlns:doc="http://www.mulesoft.org/schema/mule/documentation"
	xmlns:spring="http://www.springframework.org/schema/beans" 
	xmlns:xsi="http://www.w3.org/2001/XMLSchema-instance"
	xsi:schemaLocation="http://www.springframework.org/schema/beans http://www.springframework.org/schema/beans/spring-beans-current.xsd
http://www.mulesoft.org/schema/mule/core http://www.mulesoft.org/schema/mule/core/current/mule.xsd
http://www.mulesoft.org/schema/mule/http http://www.mulesoft.org/schema/mule/http/current/mule-http.xsd
http://www.mulesoft.org/schema/mule/ee/tracking http://www.mulesoft.org/schema/mule/ee/tracking/current/mule-tracking-ee.xsd
http://www.mulesoft.org/schema/mule/db http://www.mulesoft.org/schema/mule/db/current/mule-db.xsd
http://www.mulesoft.org/schema/mule/json http://www.mulesoft.org/schema/mule/json/current/mule-json.xsd">
    <http:listener-config name="HTTP_Listener_Configuration" host="0.0.0.0" port="8081" doc:name="HTTP Listener Configuration"/>
    <db:derby-config name="Derby_Configuration" url="jdbc:derby:memory:muleEmbeddedDB;create=true" doc:name="Derby Configuration"/>
    <spring:beans>
        <spring:bean id="Bean" name="Bean" class="com.ultimo.Database"/>
    </spring:beans>
    <flow name="jenkinFlow">
        <http:listener config-ref="HTTP_Listener_Configuration" path="/hello" allowedMethods="GET" doc:name="HTTP"/>
        <set-payload value="#[&quot;Hello World&quot;]" doc:name="Set Payload"/>
    </flow>
    <flow name="jenkinprojectFlow">
        <http:listener config-ref="HTTP_Listener_Configuration" path="/flights" allowedMethods="GET" doc:name="HTTP"/>
        <db:select config-ref="Derby_Configuration" doc:name="Database">
            <db:parameterized-query><![CDATA[SELECT * FROM flights]]></db:parameterized-query>
        </db:select>
        <json:object-to-json-transformer doc:name="Object to JSON" mimeType="application/json"/>
        <logger message="#[payload]" level="INFO" doc:name="Logger"/>
    </flow>
</mule>
